Epoch,emp_loss
1,5.813137755102041
2,4.679547991071429
3,4.66081393494898
4,4.656329719387755
5,4.653300382653061
0.01
0.36
