Epoch,AMP_loss
1,4.275680731753914
0.1
Epoch,AMP_loss
1,4.261271793015149
0.09
