Net,FP32,AMP,EMP
AlexNet-CIFAR100,4.54,3.84,3.65
Vgg16-CIFAR100,8.32,5.08,4.42
GCN-Reddit,0.006819,0.007054,0.006766
GAT-Reddit,0.010305,0.011209,0.010245
GCN-Pubmed,0.006913,0.007482,0.006514
GAT-Pubmed,0.014732,0.020213,0.011795
GAN-ImageNet,2014.56,1804.22,1825.8