Net,FP32,AMP,EMP
AlexNet-CIFAR100,4.54,3.84,3.65
Vgg16-CIFAR100,8.32,5.08,4.42
GCN-Reddit,0.006819,0.007054,0.006766
GAT-Reddit,0.010305,0.011209,0.010245
GCN-Pubmed,0.009508,0.009579,0.008393
GAT-Pubmed,0.017911,0.017054,0.01449
GAN-ImageNet,2014.56,1804.22,1825.8