Epoch,fp32_loss
Epoch,fp32_loss
1,5.618934059143067
2,4.479337692260742
3,3.6851372718811035
4,3.0230522632598875
5,2.5440652847290037
0.08
