Epoch,amp_loss
1,5.6104736328125
2,4.333513532366071
0.03
Epoch,amp_loss
1,5.610264369419643
2,4.332842145647321
0.03
