Epoch,AMP_loss
1,4.280429251339971
2,3.865291276756598
3,3.6310274564490026
4,3.4485232720569687
5,3.26459524217917
0.1929
0.9
