Epoch,FP32_loss
1,4.294859875221642
2,3.898155598007903
3,3.6574602273045755
4,3.4665097205006346
5,3.2715182085426484
0.1921
1.01
