Epoch,FP32_loss
1,5.525377631187439
2,4.687263744218009
3,4.665401616875006
4,4.656163512444009
5,4.65307985276592
0.01
0.35
